,gene,importance
0,MICAL1_rare_AD,0.5217334692856551
1,SGSM2_rare_AD,-0.21699534692492825
2,LRRC14B_rare_AD,-0.2041271303642317
3,NOD2_rare_AD,-0.18586171392311854
4,TICRR_rare_AD,0.10396020987808866
5,PSD_rare_AD,-0.08952706589091261
6,ASXL1_rare_AD,0.07398779240520341
7,RBM20_rare_AD,0.06391535135170981
8,TNKS1BP1_rare_AD,-0.03665512931247537
9,PLEKHA4_rare_AD,-0.023731784934120734
10,VPS16_rare_AD,-0.023616113087388202
11,DUOX2_rare_AD,-0.018432508650884052
