,gene,importance
0,CAMKK2_rare_AR,0.6314373806747925
1,WDR27_rare_AR,0.49198607152617596
2,PKHD1L1_rare_AR,0.27607052300346185
3,NKX2-3_rare_AR,-0.26804936486211606
4,TNFAIP2_rare_AR,-0.15448908885514123
5,OR51B5_rare_AR,-0.11318548393095133
6,TACR2_rare_AR,0.0583921291545165
7,HRCT1_rare_AR,0.04309227065274311
